income__median,loan_amount__median,property_value__median,combined_loan_to_value_ratio__median,loan_term__median,tract_minority_population_percent__median,tract_to_msa_income_percentage__median,ffiec_msa_md_median_family_income__median,income__iqr,loan_amount__iqr,property_value__iqr,combined_loan_to_value_ratio__iqr,loan_term__iqr,tract_minority_population_percent__iqr,tract_to_msa_income_percentage__iqr,ffiec_msa_md_median_family_income__iqr,n,member_individual_flag_rate,collective_iso_score,collective_flag,group_spec,group_fields,group_values,pure_collective_candidate
132.0,375000.0,805000.0,73.385,360.0,81.82,106.0,113300.0,105.0,410000.0,670000.0,29.078999999999994,0.0,21.75999999999999,35.0,12200.0,293,0.14675767918088736,0.1802444964202461,True,state_x_product,state_code x loan_type,HI | Conventional,True
124.5,430000.0,555000.0,78.353,360.0,48.85,130.0,139700.0,140.25,427500.0,650000.0,15.663749999999993,0.0,47.65250000000001,107.75,0.0,150,0.4,0.16895271395173117,True,state_x_product,state_code x loan_type,DC | Conventional,False
79.0,245000.0,355000.0,90.0,360.0,0.0,0.0,0.0,70.0,210000.0,160000.0,18.147000000000006,0.0,0.0,0.0,0.0,1090,0.9908256880733946,0.166721553839143,True,state_x_purpose,state_code x loan_purpose,Unknown | Home_Purchase,False
99.0,390000.0,375000.0,100.0,360.0,0.0,0.0,0.0,50.75,257500.0,160000.0,6.757999999999996,0.0,0.0,0.0,0.0,50,0.98,0.15611498458380435,True,state_x_product,state_code x loan_type,Unknown | VA,False
120.0,480000.0,490000.0,78.353,360.0,45.525000000000006,140.5,139700.0,136.0,515000.0,502500.0,10.108249999999998,0.0,40.629999999999995,101.75,0.0,86,0.32558139534883723,0.15262595923591038,True,state_x_purpose,state_code x loan_purpose,DC | Home_Purchase,False
62.0,205000.0,245000.0,96.5,360.0,0.0,0.0,0.0,42.25,150000.0,210000.0,7.288749999999993,0.0,0.0,0.0,0.0,176,1.0,0.14802061780858333,True,state_x_product,state_code x loan_type,Unknown | FHA,False
52.0,115000.0,145000.0,88.302,360.0,99.46,112.0,31400.0,60.0,60000.0,70000.0,18.147000000000006,0.0,0.25,55.0,4500.0,69,0.18840579710144928,0.13791053182881252,True,state_x_product,state_code x loan_type,PR | FHA,True
129.0,405000.0,905000.0,56.522,360.0,84.43,110.0,113300.0,100.5,255000.0,610000.0,42.55649999999999,0.0,18.224999999999994,32.5,12200.0,63,0.09523809523809523,0.13459203292866673,True,state_x_purpose,state_code x loan_purpose,HI | Refinance,True
125.0,375000.0,655000.0,78.353,360.0,57.58,113.0,91100.0,122.0,430000.0,650000.0,18.577249999999992,0.0,40.790000000000006,63.0,31700.0,8195,0.2745576571079927,0.1060253032491465,True,state_x_product,state_code x loan_type,CA | Conventional,False
84.5,245000.0,375000.0,81.81899999999999,360.0,0.0,0.0,0.0,78.0,240000.0,150000.0,16.647000000000006,0.0,0.0,0.0,0.0,896,0.9765625,0.09745056803346697,True,state_x_product,state_code x loan_type,Unknown | Conventional,False
54.0,115000.0,145000.0,80.0,360.0,99.46,109.0,31400.0,58.0,70000.0,140000.0,18.147000000000006,0.0,0.46999999999999886,51.0,0.0,157,0.21019108280254778,0.09666203093298753,True,state_x_purpose,state_code x loan_purpose,PR | Home_Purchase,True
140.0,105000.0,785000.0,70.051,360.0,54.91,119.0,102400.0,130.0,190000.0,810000.0,26.26299999999999,60.0,38.760000000000005,59.0,29300.0,1025,0.304390243902439,0.08878065913067168,True,state_x_purpose,state_code x loan_purpose,CA | Home_Improvement,False
131.0,575000.0,665000.0,78.353,360.0,82.55,103.0,113300.0,110.0,500000.0,610000.0,10.700000000000003,0.0,17.97,38.0,12200.0,123,0.17886178861788618,0.08836080077649777,True,state_x_purpose,state_code x loan_purpose,HI | Home_Purchase,True
95.0,450000.0,590000.0,70.26599999999999,360.0,80.875,104.0,113300.0,56.5,432500.0,600000.0,28.715999999999994,0.0,16.614999999999995,24.75,12200.0,50,0.08,0.0834443543588097,True,state_x_purpose,state_code x loan_purpose,HI | CashOut_Refinance,True
66.0,105000.0,235000.0,78.353,360.0,99.33,112.0,31400.0,66.0,130000.0,260000.0,5.055999999999997,0.0,1.1099999999999994,58.0,2250.0,83,0.30120481927710846,0.08246452604098353,True,state_x_product,state_code x loan_type,PR | Conventional,False
78.5,120000.0,280000.0,78.353,300.0,34.86,107.5,63200.0,63.25,120000.0,220000.0,7.305999999999997,180.0,29.7,51.25,15200.0,560,0.15357142857142858,0.07851687402528584,True,state_x_product,state_code x loan_type,MS | Conventional,True
132.5,145000.0,745000.0,73.251,360.0,55.47,118.0,102400.0,133.5,230000.0,860000.0,28.219249999999995,60.0,39.34250000000001,65.0,29300.0,822,0.3126520681265207,0.07486257873548174,True,state_x_purpose,state_code x loan_purpose,CA | Other,False
145.0,145000.0,910000.0,71.75399999999999,360.0,81.88499999999999,105.0,113300.0,106.0,230000.0,422500.0,33.070249999999994,0.0,23.569999999999993,39.0,12200.0,52,0.15384615384615385,0.07292980401663052,True,state_x_purpose,state_code x loan_purpose,HI | Home_Improvement,True
95.0,105000.0,165000.0,78.353,360.0,37.435,94.0,86400.0,0.0,100000.0,190000.0,0.0,0.0,52.11500000000001,43.0,22500.0,472,0.1059322033898305,0.05484441130623241,True,purpose_x_construction,loan_purpose x construction_method,NotApplicable | Site_Built,True
95.0,85000.0,145000.0,78.353,360.0,77.26,96.0,90800.0,0.0,90000.0,120000.0,0.0,0.0,34.15,52.0,11900.0,65,0.07692307692307693,0.048538553417638686,True,state_x_purpose,state_code x loan_purpose,TX | NotApplicable,True
129.0,525000.0,575000.0,78.353,360.0,59.364999999999995,107.0,91100.0,121.0,390000.0,507500.0,10.305000000000007,0.0,40.37,62.0,21300.0,3834,0.23369848721961398,0.04316099958478825,True,state_x_purpose,state_code x loan_purpose,CA | Home_Purchase,True
63.0,45000.0,235000.0,73.47,240.0,17.99,102.0,81800.0,49.0,40000.0,250000.0,25.883999999999993,180.0,26.560000000000002,29.0,18800.0,101,0.22772277227722773,0.04241505509236676,True,purpose_x_construction,loan_purpose x construction_method,Home_Improvement | Manufactured,True
119.0,305000.0,525000.0,78.353,360.0,29.06,103.0,103500.0,98.0,370000.0,420000.0,19.957500000000003,60.0,22.39,43.0,48500.0,2106,0.1419753086419753,0.03975336249852157,True,state_x_product,state_code x loan_type,WA | Conventional,True
60.0,115000.0,195000.0,78.353,300.0,22.18,89.0,77500.0,48.0,100000.0,270000.0,0.0,84.0,34.7525,40.0,24500.0,3730,0.08176943699731903,0.03823867696309302,True,purpose_x_construction,loan_purpose x construction_method,Home_Purchase | Manufactured,True
129.0,205000.0,775000.0,72.032,360.0,80.92,107.0,113300.0,85.0,290000.0,630000.0,29.572999999999993,0.0,29.189999999999998,40.0,12200.0,53,0.11320754716981132,0.03731421076801289,True,state_x_purpose,state_code x loan_purpose,HI | Other,True
75.5,45000.0,235000.0,78.353,180.0,10.870000000000001,102.0,89200.0,64.5,50000.0,210000.0,14.975000000000009,240.0,8.0725,27.25,19200.0,68,0.19117647058823528,0.036232970803931175,True,state_x_purpose,state_code x loan_purpose,IA | Other,True
95.0,365000.0,615000.0,78.353,360.0,56.620000000000005,113.0,100100.0,108.0,350000.0,622500.0,27.623499999999993,0.0,41.707499999999996,63.0,31700.0,1396,0.2722063037249284,0.034144359232633925,True,state_x_purpose,state_code x loan_purpose,CA | Refinance,False
65.5,55000.0,235000.0,74.425,300.0,18.555,94.5,78850.0,53.75,70000.0,220000.0,28.352999999999994,180.0,22.79,26.5,16550.0,86,0.16279069767441862,0.03088761073988422,True,purpose_x_construction,loan_purpose x construction_method,Other | Manufactured,True
95.0,95000.0,470000.0,69.946,180.0,17.685000000000002,110.0,82700.0,76.5,100000.0,217500.0,33.76,180.0,9.925000000000004,28.5,13700.0,102,0.11764705882352941,0.01340793380013583,True,state_x_purpose,state_code x loan_purpose,ID | Home_Improvement,True
127.0,105000.0,555000.0,70.242,300.0,29.85,102.0,103500.0,95.5,140000.0,445000.0,27.8005,60.0,26.050000000000004,36.0,47100.0,259,0.16216216216216217,0.01267533562379386,True,state_x_purpose,state_code x loan_purpose,WA | Other,True
92.0,75000.0,300000.0,78.33099999999999,120.0,32.31,113.0,63200.0,77.0,67500.0,200000.0,21.663250000000005,240.0,31.252500000000005,45.0,15200.0,54,0.16666666666666666,0.00889306800184575,True,state_x_purpose,state_code x loan_purpose,MS | Other,True
116.0,295000.0,495000.0,78.353,360.0,18.89,108.0,129500.0,103.0,340000.0,367500.0,16.883749999999992,60.0,21.47,46.0,30800.0,1710,0.19824561403508772,0.006839404085833056,True,state_x_product,state_code x loan_type,MA | Conventional,True
101.0,265000.0,505000.0,68.66,360.0,18.005000000000003,108.0,129500.0,104.75,240000.0,380000.0,31.405499999999996,120.0,19.965000000000003,52.75,30800.0,298,0.27181208053691275,0.001989852023947969,True,state_x_purpose,state_code x loan_purpose,MA | Refinance,False
