state_code,dti_band,approval_rate,n
AK,20%-<30%,82.4,17
AK,30%-<36%,80.0,15
AK,36%-<43%,75.0,20
AK,43%-<50%,94.1,17
AL,20%-<30%,82.5,189
AL,30%-<36%,82.1,162
AL,36%-<43%,84.8,237
AL,43%-<50%,79.5,171
AL,50%-60%,55.1,89
AL,<20%,70.0,90
AL,>60%,4.1,49
AR,20%-<30%,88.7,106
AR,30%-<36%,81.4,86
AR,36%-<43%,81.3,134
AR,43%-<50%,80.6,72
AR,50%-60%,36.7,30
AR,<20%,66.7,48
AR,>60%,3.7,27
AZ,20%-<30%,84.8,276
AZ,30%-<36%,83.0,271
AZ,36%-<43%,84.9,430
AZ,43%-<50%,86.1,459
AZ,50%-60%,54.2,142
AZ,<20%,72.1,122
AZ,>60%,6.2,113
CA,20%-<30%,85.2,742
CA,30%-<36%,86.6,835
CA,36%-<43%,88.5,1487
CA,43%-<50%,84.4,1627
CA,50%-60%,56.8,595
CA,<20%,73.3,303
CA,>60%,9.4,435
CO,20%-<30%,88.8,258
CO,30%-<36%,88.5,244
CO,36%-<43%,85.8,381
CO,43%-<50%,88.5,400
CO,50%-60%,70.0,180
CO,<20%,84.5,103
CO,>60%,17.0,112
CT,20%-<30%,88.3,128
CT,30%-<36%,85.5,110
CT,36%-<43%,79.4,141
CT,43%-<50%,82.6,144
CT,50%-60%,58.3,60
CT,<20%,79.1,43
CT,>60%,2.8,36
DC,20%-<30%,89.5,19
DC,30%-<36%,96.0,25
DC,36%-<43%,63.2,19
DC,43%-<50%,81.0,21
DE,20%-<30%,86.0,43
DE,30%-<36%,87.2,47
DE,36%-<43%,89.8,49
DE,43%-<50%,83.3,54
DE,50%-60%,80.0,15
DE,<20%,80.0,15
DE,>60%,6.7,15
FL,20%-<30%,83.4,710
FL,30%-<36%,82.1,736
FL,36%-<43%,85.8,1211
FL,43%-<50%,80.1,1363
FL,50%-60%,54.2,565
FL,<20%,67.2,317
FL,>60%,5.8,479
GA,20%-<30%,80.5,364
GA,30%-<36%,82.4,296
GA,36%-<43%,85.8,522
GA,43%-<50%,83.0,507
GA,50%-60%,62.7,209
GA,<20%,62.5,152
GA,>60%,4.8,146
HI,20%-<30%,82.1,28
HI,30%-<36%,83.3,30
HI,36%-<43%,93.9,49
HI,43%-<50%,89.5,76
HI,50%-60%,65.6,32
HI,>60%,11.1,27
IA,20%-<30%,95.5,110
IA,30%-<36%,90.0,120
IA,36%-<43%,92.0,125
IA,43%-<50%,87.6,105
IA,50%-60%,51.7,29
IA,<20%,89.1,64
IA,>60%,5.3,19
ID,20%-<30%,83.3,72
ID,30%-<36%,92.1,63
ID,36%-<43%,92.9,140
ID,43%-<50%,89.2,93
ID,50%-60%,58.1,31
ID,<20%,83.7,43
ID,>60%,11.1,27
IL,20%-<30%,86.6,352
IL,30%-<36%,85.3,333
IL,36%-<43%,84.7,419
IL,43%-<50%,85.6,417
IL,50%-60%,58.6,152
IL,<20%,78.8,132
IL,>60%,5.0,101
IN,20%-<30%,86.7,301
IN,30%-<36%,88.5,244
IN,36%-<43%,86.4,330
IN,43%-<50%,82.8,291
IN,50%-60%,53.3,90
IN,<20%,84.2,133
IN,>60%,7.0,71
KS,20%-<30%,87.4,87
KS,30%-<36%,86.2,58
KS,36%-<43%,85.8,127
KS,43%-<50%,92.0,75
KS,50%-60%,67.6,34
KS,<20%,63.3,30
KS,>60%,4.2,24
KY,20%-<30%,85.6,146
KY,30%-<36%,85.6,132
KY,36%-<43%,88.5,183
KY,43%-<50%,78.5,149
KY,50%-60%,59.3,59
KY,<20%,75.6,82
KY,>60%,11.5,52
LA,20%-<30%,69.8,96
LA,30%-<36%,80.0,105
LA,36%-<43%,81.2,133
LA,43%-<50%,76.4,148
LA,50%-60%,51.5,66
LA,<20%,68.2,44
LA,>60%,1.5,66
MA,20%-<30%,85.6,209
MA,30%-<36%,91.1,180
MA,36%-<43%,91.4,325
MA,43%-<50%,88.0,242
MA,50%-60%,58.9,90
MA,<20%,77.4,84
MA,>60%,11.5,104
MD,20%-<30%,84.4,192
MD,30%-<36%,82.8,192
MD,36%-<43%,83.7,282
MD,43%-<50%,80.9,262
MD,50%-60%,57.7,111
MD,<20%,74.4,82
MD,>60%,7.1,70
ME,20%-<30%,88.1,42
ME,30%-<36%,86.1,36
ME,36%-<43%,90.3,62
ME,43%-<50%,89.6,48
ME,50%-60%,55.0,20
ME,<20%,82.8,29
ME,>60%,7.7,13
MI,20%-<30%,85.8,416
MI,30%-<36%,87.6,371
MI,36%-<43%,85.0,466
MI,43%-<50%,86.4,404
MI,50%-60%,50.0,148
MI,<20%,75.5,151
MI,>60%,9.8,112
MN,20%-<30%,89.0,210
MN,30%-<36%,92.6,176
MN,36%-<43%,90.3,247
MN,43%-<50%,87.3,229
MN,50%-60%,55.3,47
MN,<20%,84.9,93
MN,>60%,10.0,40
MO,20%-<30%,80.0,185
MO,30%-<36%,89.2,176
MO,36%-<43%,86.8,266
MO,43%-<50%,87.1,224
MO,50%-60%,61.6,73
MO,<20%,80.0,95
MO,>60%,3.0,33
MS,20%-<30%,83.3,102
MS,30%-<36%,79.4,68
MS,36%-<43%,77.8,99
MS,43%-<50%,71.2,80
MS,50%-60%,59.2,49
MS,<20%,78.7,47
MS,>60%,11.4,35
MT,20%-<30%,87.9,33
MT,30%-<36%,83.9,31
MT,36%-<43%,93.0,57
MT,43%-<50%,86.4,44
MT,50%-60%,53.8,13
MT,<20%,87.5,16
NC,20%-<30%,83.7,509
NC,30%-<36%,85.6,450
NC,36%-<43%,89.4,633
NC,43%-<50%,82.3,492
NC,50%-60%,45.2,188
NC,<20%,79.4,209
NC,>60%,9.0,155
ND,20%-<30%,93.3,15
ND,30%-<36%,100.0,15
ND,36%-<43%,100.0,24
ND,43%-<50%,89.3,28
NE,20%-<30%,86.5,52
NE,30%-<36%,93.0,57
NE,36%-<43%,93.7,79
NE,43%-<50%,87.5,64
NE,50%-60%,36.4,11
NE,<20%,82.8,29
NE,>60%,11.8,17
NH,20%-<30%,90.5,42
NH,30%-<36%,82.9,41
NH,36%-<43%,90.9,66
NH,43%-<50%,84.1,63
NH,50%-60%,69.2,26
NH,<20%,72.7,11
NH,>60%,25.0,20
NJ,20%-<30%,83.6,269
NJ,30%-<36%,86.5,215
NJ,36%-<43%,85.0,379
NJ,43%-<50%,82.7,365
NJ,50%-60%,61.3,163
NJ,<20%,59.4,96
NJ,>60%,7.5,107
NM,20%-<30%,76.6,47
NM,30%-<36%,87.8,49
NM,36%-<43%,90.0,90
NM,43%-<50%,84.0,75
NM,50%-60%,59.4,32
NM,<20%,66.7,24
NM,>60%,0.0,35
NV,20%-<30%,82.8,93
NV,30%-<36%,86.3,95
NV,36%-<43%,85.2,142
NV,43%-<50%,85.1,195
NV,50%-60%,66.7,69
NV,<20%,65.8,38
NV,>60%,6.4,47
NY,20%-<30%,87.2,384
NY,30%-<36%,86.5,333
NY,36%-<43%,87.2,484
NY,43%-<50%,84.0,511
NY,50%-60%,63.0,208
NY,<20%,77.6,156
NY,>60%,7.8,192
OH,20%-<30%,86.1,462
OH,30%-<36%,86.5,400
OH,36%-<43%,85.3,505
OH,43%-<50%,81.7,469
OH,50%-60%,57.9,178
OH,<20%,77.1,218
OH,>60%,5.6,142
OK,20%-<30%,85.4,137
OK,30%-<36%,88.7,97
OK,36%-<43%,82.7,162
OK,43%-<50%,81.2,133
OK,50%-60%,73.5,34
OK,<20%,70.5,61
OK,>60%,8.8,34
OR,20%-<30%,89.8,137
OR,30%-<36%,90.2,132
OR,36%-<43%,93.6,218
OR,43%-<50%,87.5,257
OR,50%-60%,63.9,61
OR,<20%,76.3,59
OR,>60%,10.9,55
PA,20%-<30%,85.6,514
PA,30%-<36%,84.9,398
PA,36%-<43%,86.5,519
PA,43%-<50%,83.8,452
PA,50%-60%,65.3,202
PA,<20%,77.5,204
PA,>60%,11.5,200
PR,20%-<30%,82.6,23
PR,30%-<36%,93.3,30
PR,36%-<43%,82.1,28
PR,43%-<50%,68.0,25
RI,20%-<30%,87.9,33
RI,30%-<36%,76.9,39
RI,36%-<43%,93.8,48
RI,43%-<50%,87.9,58
RI,50%-60%,64.7,34
RI,<20%,94.4,18
RI,>60%,10.0,20
SC,20%-<30%,84.5,207
SC,30%-<36%,87.2,195
SC,36%-<43%,83.2,279
SC,43%-<50%,82.2,286
SC,50%-60%,60.9,92
SC,<20%,77.9,95
SC,>60%,2.5,81
SD,20%-<30%,100.0,21
SD,30%-<36%,92.0,25
SD,36%-<43%,89.2,37
SD,43%-<50%,90.6,32
SD,50%-60%,69.2,13
SD,<20%,91.7,12
TN,20%-<30%,84.4,263
TN,30%-<36%,86.6,247
TN,36%-<43%,88.6,352
TN,43%-<50%,80.9,325
TN,50%-60%,54.5,99
TN,<20%,81.2,128
TN,>60%,13.2,91
TX,20%-<30%,81.0,684
TX,30%-<36%,86.7,685
TX,36%-<43%,84.3,1204
TX,43%-<50%,81.4,1185
TX,50%-60%,59.7,524
TX,<20%,64.0,272
TX,>60%,9.6,332
UT,20%-<30%,84.7,137
UT,30%-<36%,94.9,138
UT,36%-<43%,91.6,226
UT,43%-<50%,85.9,241
UT,50%-60%,66.7,96
UT,<20%,80.4,56
UT,>60%,16.2,68
Unknown,36%-<43%,9.1,11
Unknown,50%-60%,0.0,13
Unknown,<20%,0.0,10
Unknown,>60%,0.0,22
VA,20%-<30%,81.4,279
VA,30%-<36%,87.8,279
VA,36%-<43%,83.8,427
VA,43%-<50%,84.7,385
VA,50%-60%,62.3,154
VA,<20%,79.5,127
VA,>60%,12.6,103
VT,20%-<30%,100.0,22
VT,30%-<36%,70.6,17
VT,36%-<43%,87.0,23
VT,43%-<50%,88.9,27
VT,50%-60%,61.5,13
WA,20%-<30%,85.5,235
WA,30%-<36%,87.2,265
WA,36%-<43%,88.7,435
WA,43%-<50%,87.5,433
WA,50%-60%,65.2,132
WA,<20%,73.7,99
WA,>60%,9.3,97
WI,20%-<30%,91.5,270
WI,30%-<36%,88.5,191
WI,36%-<43%,90.3,288
WI,43%-<50%,88.9,190
WI,50%-60%,44.1,59
WI,<20%,88.9,108
WI,>60%,16.7,54
WV,20%-<30%,80.9,47
WV,30%-<36%,81.6,49
WV,36%-<43%,79.0,62
WV,43%-<50%,64.7,34
WV,50%-60%,26.7,15
WV,<20%,80.0,15
WV,>60%,0.0,10
WY,20%-<30%,73.3,15
WY,30%-<36%,85.0,20
WY,36%-<43%,88.0,25
WY,43%-<50%,90.0,20
