row,clarans_cluster
81485,1
65936,1
94859,1
12254,0
83717,6
80145,2
6956,6
87263,5
61213,0
15643,6
49126,0
78455,0
85632,1
49922,4
52724,5
83927,1
16353,3
33284,5
72345,3
2424,1
52076,6
5727,2
77515,6
59219,1
24398,1
25227,2
2396,6
76529,1
43981,4
23028,5
76001,6
95266,1
80152,1
29138,3
4896,6
91279,3
50978,4
26359,3
2092,1
49856,1
60807,1
49808,4
7891,0
19483,6
89393,1
57851,1
92057,1
25252,4
89104,1
35583,0
99328,4
23182,1
8994,1
83554,1
45843,0
96505,5
63169,5
30950,5
88907,1
84083,1
95763,1
73209,0
78311,6
15074,6
77427,3
86830,4
21859,1
18039,1
64405,5
86843,5
12011,4
10942,4
68733,5
58832,6
85418,5
91609,4
16315,0
17143,1
95671,3
63914,0
39638,1
86899,5
4048,1
43748,0
63097,4
20727,4
49810,6
66595,1
94698,1
79766,1
78994,1
31891,0
25800,6
75701,1
70381,1
27008,6
51697,4
15877,2
76055,1
47804,4
10540,1
5673,6
54612,5
89265,6
16431,1
10631,3
23830,6
12088,6
84863,0
50971,0
71373,1
31132,6
27791,1
82265,1
37328,6
49276,5
4435,1
61540,6
87893,2
90939,4
42120,3
13136,1
34526,1
75201,1
54531,4
77941,3
9584,6
48263,5
35025,1
51878,4
34949,6
75161,6
63928,6
34662,6
12682,5
91029,6
54522,1
26219,1
6789,5
24732,6
53146,1
2196,4
89350,6
87109,5
11944,5
73746,6
61077,6
48468,1
37371,1
45848,5
45810,6
38815,6
48962,1
288,5
49517,1
5284,0
96366,3
60670,1
14861,5
24206,4
38479,6
64601,5
80800,5
9346,6
33168,1
70983,6
55532,0
84211,5
60387,6
60343,6
72571,1
27752,6
83322,6
32112,1
82819,6
18993,0
437,1
37687,6
28291,5
78900,6
1573,5
81555,1
93107,0
55792,6
55267,4
79124,6
47877,1
85859,6
51269,1
18428,4
58878,1
66534,1
66189,6
6419,0
24371,1
64544,3
82868,6
7586,1
37075,2
71434,4
26249,6
68007,5
8828,6
50319,5
60896,5
94490,1
11602,6
9921,6
81451,3
58680,6
64396,5
8810,1
45016,6
18462,5
29708,6
25007,1
93513,6
83397,6
2431,6
52092,6
27440,6
86847,5
96973,1
7417,2
49878,6
55401,6
93093,3
25629,6
7639,1
57462,5
35357,6
77666,1
57864,4
92045,4
66616,5
86333,5
25328,4
41282,1
60169,5
56015,1
21949,6
13020,1
76242,3
13490,4
48585,5
51243,5
82493,4
37721,1
55638,6
41368,5
69342,5
50772,6
19891,1
72718,5
24906,5
63685,6
72515,4
74451,4
73010,5
22620,6
47839,2
61494,4
24750,1
7014,6
22765,1
31209,6
51952,6
89230,4
33837,2
13893,4
84213,0
74702,4
5802,6
71667,4
7540,3
46215,5
971,6
17955,4
1607,3
60871,5
31210,1
92330,4
37095,4
18104,5
77345,4
6115,6
2838,6
65116,6
55320,4
37297,1
76245,4
54693,6
94901,4
58210,3
8391,2
27924,5
58372,2
11274,1
32015,1
12103,6
46441,0
44606,4
38109,0
30003,6
26530,6
74069,4
52149,0
78524,0
2081,4
98284,4
6716,5
81026,5
43497,3
82184,5
74091,6
9316,6
19415,6
49677,1
4424,1
99230,1
74251,0
11773,5
45234,4
80772,2
60956,1
48022,6
96461,1
71931,1
93352,1
3741,1
59740,5
45736,3
69168,6
72583,6
58229,2
96172,6
43512,6
85767,6
53204,4
52052,0
58202,5
96589,1
63483,1
83060,6
95864,6
89085,5
23508,0
49824,1
40205,5
6377,6
74897,0
52439,2
20884,3
31278,1
83505,4
49617,5
46651,3
86579,6
62341,4
46600,6
78777,2
31303,3
4180,1
0,3
59522,2
23880,1
82939,6
84365,4
59439,5
38452,6
51832,1
9616,1
47542,6
35458,6
38209,6
53576,6
1984,1
37661,4
86832,1
26168,2
30135,1
77708,0
35206,1
31678,6
67223,4
89193,2
28642,6
11938,1
41802,6
33221,4
45127,1
81241,1
3318,6
3721,1
19056,6
83722,6
29396,6
34075,6
23594,0
62444,1
88697,6
62976,6
38192,6
14319,1
21723,1
89417,5
59746,1
71534,4
31416,1
40447,1
11289,4
23904,1
29010,1
22153,6
91465,0
24784,0
10404,6
93261,6
64379,1
68221,1
22292,1
13160,0
9812,5
10788,4
96092,6
19867,6
16157,6
1090,5
80835,6
25017,6
2660,6
63979,6
1462,1
50829,4
99901,6
73200,2
33315,1
75694,2
78204,0
63358,1
95140,4
4144,6
97046,5
56655,6
10716,2
41906,3
19969,5
38796,1
77429,1
77182,3
3699,6
9525,1
74507,1
14562,1
46525,3
98489,6
79593,6
91199,1
64301,1
54637,5
90858,1
47779,6
47718,5
43582,6
11818,4
83532,1
3451,0
80285,3
61196,0
5698,4
69498,1
90575,6
1236,4
33260,0
29712,6
19613,6
5713,2
37734,5
64332,1
22294,5
80581,1
2499,5
76464,5
36774,5
8132,5
59332,3
6379,6
32946,1
32894,5
37990,3
96273,1
11192,4
60881,0
61911,1
47039,4
90136,1
42755,5
59301,1
91159,6
65219,3
67531,6
2099,2
72662,6
50203,1
52772,4
16716,1
74393,4
81471,4
42164,4
60198,1
95405,4
71230,6
90430,6
8723,6
27429,6
24094,1
28275,0
70656,4
9518,4
62623,3
4604,1
94366,1
70723,0
49734,3
78995,1
60673,0
86360,6
62995,4
91817,4
24810,4
97695,1
23657,6
63335,4
13079,3
562,1
18144,0
75652,1
26251,5
35708,5
13675,0
73120,6
802,3
49242,5
27065,1
43760,1
85490,6
39409,6
79079,6
6119,0
61166,0
83154,1
25577,4
51323,2
28790,6
2030,6
11510,6
26259,1
77006,1
72833,6
72058,6
21561,6
68369,4
93935,4
34681,1
1785,4
57021,1
36259,6
22692,4
79923,1
27478,2
8602,1
16377,4
10002,6
14090,1
60785,1
50936,1
41451,1
52095,6
19542,3
25531,5
83625,4
45047,5
24454,4
87536,1
65362,6
28970,4
75692,2
59727,3
62074,1
31750,5
71507,6
40719,4
95429,4
20151,6
29142,1
31619,3
82907,5
33048,1
27431,1
38903,6
38674,1
1840,1
60645,1
43314,4
13294,6
74178,4
79692,5
44784,5
87924,5
66216,5
26733,2
91625,6
48762,4
3946,1
92653,1
44819,5
25269,1
88769,6
45621,0
40047,1
18720,6
15053,0
89804,0
15327,4
61450,4
62577,6
17523,3
52071,4
87337,1
14175,0
13960,6
22715,6
27372,4
3769,4
9756,4
28359,5
15512,6
18473,6
42480,0
89574,5
45081,3
52050,6
88038,5
55506,2
2044,0
71244,1
33231,1
89757,5
75778,5
96175,3
15434,5
58031,4
337,1
85670,5
51979,6
96721,1
40925,0
53207,5
67919,3
32414,2
55929,2
80399,4
85749,0
94622,4
16822,5
78926,6
7099,6
80380,6
46967,5
8418,0
72381,1
15221,6
31096,5
43470,4
71782,1
21220,4
84256,6
75861,6
46352,1
38151,0
48334,5
10597,2
59893,1
86753,2
10403,0
14429,1
76753,1
85484,5
42403,6
2592,1
79269,0
87515,6
49526,3
64960,3
6567,5
21733,5
97436,1
93051,5
22645,0
4200,4
66319,1
17485,4
39734,1
38639,1
24413,5
25215,5
29354,6
60020,4
93025,1
70069,3
91037,6
25998,5
34931,0
81004,6
15775,6
87385,6
64686,4
86308,1
28101,6
51924,1
65298,4
32266,6
23893,4
68867,2
77988,6
15853,4
74112,4
2935,4
51314,4
82078,5
14922,6
1954,4
43027,5
6533,1
48280,4
644,5
95092,1
23281,3
6457,4
15155,1
20533,2
36639,1
27913,6
18040,1
43066,5
15597,6
41684,0
43199,1
23350,6
14305,4
55827,6
79764,6
43297,0
3788,6
62447,2
61034,0
30783,3
7986,1
38418,1
49605,5
60604,4
21264,1
44171,1
62473,5
22157,6
30575,3
30695,3
47975,1
19049,2
8982,1
85272,6
35340,1
84209,3
19748,0
52757,5
1837,6
77360,1
27713,3
67358,6
81833,0
14382,6
50530,3
21611,0
6682,4
20271,6
47525,1
84,2
38892,6
96212,2
85994,2
43274,1
11448,5
38949,3
68739,0
93782,6
71025,1
31212,1
16316,0
65011,4
82714,1
13888,1
97319,6
78363,0
80317,6
72054,3
38626,1
27476,0
23923,6
9422,1
72820,0
20672,4
26897,3
49455,1
38830,2
14577,1
86364,1
89881,4
46763,6
19651,2
69813,4
74322,6
36323,2
73187,1
20034,6
45140,3
82262,1
44964,5
90190,1
7963,6
9521,4
90925,6
40041,6
88058,1
47415,5
33333,4
9399,3
13041,1
39700,2
57710,1
42629,1
30945,4
6624,1
42705,5
6946,3
26492,5
73173,1
3251,5
59971,1
19689,0
44059,5
10245,1
83591,2
52858,3
66946,4
7336,0
12433,4
18268,1
42333,1
33909,5
77449,3
50893,5
29833,6
51920,3
23815,1
91532,4
8038,1
37048,1
48649,3
28644,1
62273,6
48096,2
89739,6
14097,6
8958,1
34459,4
29510,5
23867,6
79827,3
60666,6
89080,1
53598,1
45935,5
29017,4
14718,4
50761,5
40224,4
78765,1
68454,4
87866,5
18408,1
10894,4
65167,6
15773,5
46583,5
16155,1
88732,1
40097,3
89701,1
45194,1
24562,2
21982,1
48671,6
79181,6
70140,1
10782,4
77956,0
54051,6
4475,1
32503,3
97457,4
26614,4
49232,1
49310,6
53243,6
12002,4
15255,1
44210,3
26248,6
20431,5
48462,0
75138,4
85931,1
68850,5
58929,6
12789,5
21405,1
18215,6
47290,6
97714,5
24481,2
8423,5
77441,2
47465,5
28861,6
63074,1
11491,5
99743,6
75465,0
73841,4
78129,2
56169,1
63065,1
28881,4
88840,3
61740,5
14972,5
52727,0
96686,6
12386,1
4553,0
4499,1
26102,6
24887,1
87611,0
50392,6
68735,6
6604,6
59465,4
43579,1
92044,2
22355,6
68060,5
24904,6
50114,6
97271,6
52830,4
95080,0
71785,4
16285,5
92308,1
45753,1
92595,1
30547,6
20470,5
68605,6
26400,4
68538,6
43902,1
99216,1
69938,6
87119,1
5174,6
37205,4
92455,3
15344,6
63693,3
64827,5
98873,1
40500,4
87904,5
25506,6
56886,6
22672,0
97566,3
94442,3
16430,1
48251,1
64786,6
36545,4
34896,6
67011,4
38931,1
71995,0
43318,1
94776,4
93208,1
85181,1
75683,3
37613,6
26314,0
61675,1
6648,6
53850,1
34004,6
40762,6
90796,6
6669,1
56062,4
83019,6
95521,3
86637,6
1864,6
93252,6
92584,1
96183,6
90100,2
42332,6
87142,1
53335,4
92210,1
74119,4
8761,4
96301,6
48363,4
71735,2
23437,5
66806,5
44868,3
98045,5
99903,1
7715,1
79331,4
52893,6
66968,4
16945,6
24093,3
12367,1
48229,4
9716,5
41545,1
83656,1
87843,6
84411,1
7501,4
30473,1
63865,6
15543,6
91935,1
21214,1
33686,4
50553,6
45793,4
54183,6
43589,1
66566,6
69922,6
28306,2
18289,6
53068,5
77597,5
11438,1
59930,5
66298,4
42926,3
51852,4
58421,4
40374,6
21618,1
96492,1
49463,4
54485,6
96424,5
12693,1
12748,5
3137,5
54793,4
44351,5
30527,5
16119,6
72650,4
8055,3
64971,5
30483,1
21792,5
18758,6
42057,0
84994,0
30750,4
98356,5
65160,1
26398,0
87406,2
92581,5
44469,1
72664,6
26214,6
8211,5
17684,0
86143,0
13940,4
80258,1
92549,3
54429,5
92980,2
19822,4
18223,5
67186,6
58910,6
52662,1
56383,1
98648,5
32130,1
58332,2
30222,1
80521,1
61718,4
51119,2
84722,5
60845,4
32491,5
51040,3
36942,6
24281,1
325,1
9879,5
53498,4
25354,4
23447,5
69088,6
24623,5
65848,5
35611,5
2484,5
95150,1
2331,3
1321,2
41330,6
53963,3
36302,1
38571,2
44584,1
43580,5
88052,1
13133,1
70673,5
38136,1
6819,5
2094,6
58161,5
76348,1
63465,3
28714,6
43927,1
15216,6
98557,1
41251,6
49162,1
90672,6
72966,0
74124,1
36494,5
79429,6
1662,2
78916,6
19328,6
41364,4
5201,2
717,4
37766,5
60416,1
4150,1
34811,6
837,6
50565,6
13659,5
45429,4
91112,6
94441,2
58345,4
56639,2
13458,4
21490,1
46644,1
94632,6
89503,5
20341,3
23497,0
7579,1
12396,2
28070,3
20857,6
25527,6
40695,6
50017,0
3687,6
62876,6
22546,6
73340,6
22922,1
59036,0
78759,1
11796,6
46432,6
12314,1
86966,4
2581,6
52520,6
53539,3
95427,6
14362,1
24962,4
45301,1
50446,1
60964,4
35676,0
20256,6
14503,5
35757,5
88767,6
47855,3
4958,1
56407,0
65649,5
32735,1
34129,4
94602,6
17769,5
27469,6
33874,2
54888,0
98157,6
21552,6
72736,3
7425,1
91314,1
61436,3
92258,2
84832,6
96630,2
48725,6
16853,6
29547,6
58550,1
75662,1
68108,2
61704,6
25810,5
81825,1
45995,5
10627,5
57004,1
50504,5
40258,6
96224,6
42558,6
14306,4
13506,6
32257,6
36249,6
31538,4
77018,5
42055,0
70459,1
33015,0
76790,3
57558,4
77252,1
61288,1
70702,6
1425,1
55400,6
38996,4
55139,3
98757,1
43095,4
77318,1
55228,6
39974,1
72700,5
21953,1
6374,1
8144,5
43824,1
61406,4
68567,6
13416,3
76065,4
82981,6
37263,1
77126,1
15941,6
9750,4
44264,2
52223,1
27937,6
92266,6
18806,6
23103,6
58701,5
25510,3
57909,4
18839,5
36369,1
22882,4
490,3
91575,6
84638,3
76426,4
71992,6
2429,1
78546,1
37789,5
79669,3
60874,5
33485,4
80064,2
2477,1
79120,1
59314,6
32319,0
92721,6
39093,0
7176,5
35943,2
60216,1
54819,0
84557,6
61309,6
11227,6
3386,2
8222,6
48266,5
5786,3
51734,6
57310,4
67202,0
41693,1
28231,4
8500,5
41516,6
28383,6
53860,1
48381,4
42239,6
59580,5
42360,6
84359,1
37310,5
76656,6
54304,6
59275,5
65639,2
5819,0
99177,1
69163,4
59627,4
31113,0
13259,0
21998,1
94736,0
34730,6
25084,4
83982,6
8409,1
11100,6
2623,4
93285,1
98985,4
57845,1
87275,6
8472,1
24896,1
56813,1
63153,6
80870,1
90919,4
38693,5
86826,6
69145,5
51036,1
25601,6
57631,6
81577,5
61210,5
81856,6
1526,4
68785,2
36575,6
38548,1
11349,1
67692,0
42843,0
69802,1
51539,6
3876,1
19106,1
28664,6
55848,5
79294,4
21684,2
33702,1
70373,1
99991,1
1290,1
82625,1
82723,6
35185,3
18540,1
37196,4
30451,1
12451,5
1338,1
58609,5
75536,5
72091,5
14954,6
74266,4
42545,1
66846,4
13234,1
48006,5
3178,6
4835,0
91250,1
30791,4
68516,1
36470,5
89067,5
38277,0
66677,4
12050,1
74396,6
21747,5
37313,5
9843,4
39701,5
42984,1
3762,1
52265,5
63995,6
36031,3
48824,6
65472,6
52913,6
39835,4
55356,1
14860,1
92204,3
69759,3
13952,1
87025,1
23577,6
36079,1
84882,5
83219,4
10843,2
74345,1
39865,5
64711,6
99674,0
47576,4
3421,0
1393,3
34702,6
93903,1
84750,4
7654,4
41842,3
20780,5
20366,6
58806,5
50799,1
28803,4
61487,0
69672,6
31945,6
4662,5
43578,3
13791,4
30230,1
92160,6
92804,0
93413,0
43635,3
25685,1
83595,5
62932,1
18250,6
73325,6
97103,1
94576,6
22351,6
88375,6
95334,6
36722,6
27706,0
15564,1
39421,1
23276,2
35191,6
23101,1
72434,1
99326,4
55461,6
13347,4
19753,4
45585,2
95089,1
57957,4
68563,1
27188,4
68996,1
16004,5
46507,5
30806,4
52467,3
94503,5
81185,1
85001,0
55377,4
56032,4
96970,2
70958,5
29869,1
2572,6
57852,6
90291,1
38321,1
62659,1
84987,4
70434,1
65044,6
2052,1
65933,1
28646,6
69943,6
58852,4
21789,1
52344,1
34700,1
88918,4
90938,5
77062,1
51702,6
42340,1
6637,1
65241,1
96169,1
18955,3
33359,6
90816,1
44935,1
10801,4
72850,6
5091,1
22769,5
36208,5
82065,0
91094,4
16363,6
71538,6
39587,5
7718,4
12380,6
45966,1
371,3
53240,5
33183,3
61266,5
62064,4
53330,6
60668,6
49519,0
42097,6
40080,1
74054,5
22809,6
9052,1
52024,6
18377,1
52353,5
22061,6
84574,3
46929,5
73237,6
94466,4
72965,6
10555,5
35165,3
17269,1
98830,2
18123,6
26044,4
76897,0
99989,1
62115,6
96874,6
14241,1
1630,6
26583,6
18913,0
93391,1
85911,0
22785,1
16814,1
47425,1
41480,4
41804,4
13240,2
69130,1
62769,6
86876,1
49378,4
16086,1
92175,6
42301,5
29097,4
65153,1
41042,0
83332,1
51851,0
55042,3
20189,3
89870,6
94902,5
99345,6
45701,3
8412,4
90495,1
76324,4
31376,6
86310,1
25901,1
88718,0
52103,6
44230,0
82038,1
67343,4
15661,1
87256,5
51859,6
95091,5
5719,1
99027,5
1225,2
61516,3
1340,4
23311,4
21337,5
67755,4
63200,3
90789,4
28509,5
15920,5
57158,6
40016,1
51542,5
28566,6
44480,0
68873,1
70238,1
30864,4
50921,1
64491,6
60177,3
54154,1
59825,5
47138,1
58556,3
44183,3
40377,6
55216,6
14071,1
48293,4
95257,5
83904,1
94799,0
30017,4
58495,1
19054,1
13604,3
97237,6
87211,5
76491,4
23680,5
14905,4
11483,1
93950,1
75777,3
89329,1
7971,1
9460,6
88485,6
85278,5
81132,1
13286,0
6549,0
59451,4
69147,5
7574,0
55089,5
10591,5
58055,5
21999,1
36091,5
19529,0
98622,6
67076,1
68408,6
6239,6
66350,3
7703,6
28750,4
8217,1
81552,4
2510,6
99884,5
26147,1
13606,6
32344,1
85098,4
95179,6
45487,5
51693,6
48494,5
93083,1
64797,1
69701,1
1457,6
38593,4
77266,6
30191,5
50861,4
23887,4
79534,4
38167,6
68658,6
1089,4
482,4
6311,5
14291,0
63993,5
13972,6
5625,6
1299,4
62958,1
30517,6
67258,0
42849,5
86705,6
44642,5
89673,1
76443,1
65277,5
30525,5
23331,1
91191,4
20873,3
94337,3
23078,1
17406,1
41624,5
49470,6
7460,1
82352,6
43215,4
14431,4
75660,6
78053,3
88227,5
5258,1
16524,1
54575,1
85907,6
82396,4
58968,5
46410,5
78770,5
90798,0
51578,0
32353,0
81237,6
25160,5
48774,1
19152,6
32951,3
90915,0
62482,4
99398,4
60078,0
64299,3
35440,1
54820,0
64893,0
89015,3
50276,6
19579,5
65667,5
3205,4
74694,5
11347,6
43281,4
89746,1
60782,3
92997,6
52253,2
30296,4
81364,4
55129,6
28801,0
78632,4
46645,6
72023,3
73656,1
4483,1
78565,1
39921,4
84316,2
29949,0
72435,1
43740,6
24527,5
125,3
40607,1
22272,4
90207,4
87898,6
45372,0
7229,6
62824,4
66125,1
97200,0
48519,6
82336,6
73124,1
78658,5
32906,6
29870,6
22312,4
74093,1
17745,1
84055,4
90168,5
49021,4
85840,1
38500,1
89675,6
91487,4
90980,1
74978,6
48621,6
27569,6
20644,5
13751,6
88774,5
31059,0
2241,3
97129,6
76319,1
7170,1
59600,1
51784,4
13664,6
6108,3
6041,6
5661,6
35656,6
48885,5
82883,3
48759,6
86731,4
96921,4
83365,0
90472,4
48559,5
3665,1
87202,6
736,1
40948,1
73759,1
38492,1
36532,5
27457,3
10878,1
48970,1
17654,1
72142,6
30955,2
45297,4
21871,1
72103,4
14378,1
51010,4
1331,1
72835,1
84982,4
98518,6
16697,4
93317,3
91416,1
21312,2
38686,2
61025,4
343,1
51912,6
18290,4
50154,6
94796,1
49270,1
94747,1
84959,6
89895,1
97259,4
20215,5
90045,4
70292,6
58731,1
98097,4
43404,6
17982,1
51425,4
72120,2
93557,6
55335,6
99389,1
70562,1
31593,6
48069,1
22267,6
6162,5
18578,5
82686,4
1666,5
62696,1
57084,0
3927,6
2143,5
35393,1
26176,3
13132,0
36467,4
670,6
2209,1
11234,5
83274,0
71217,1
41610,0
2203,1
56252,1
52329,1
90997,3
98745,2
5493,0
98617,5
88694,3
9218,1
37200,6
97936,0
57342,3
59468,6
17176,1
40841,4
51965,0
23853,1
60068,4
20102,4
29268,6
12452,1
73474,1
25505,4
7463,4
42649,3
76126,1
63952,6
51019,0
70000,2
66795,4
16068,4
54760,1
74961,2
96608,1
56307,0
163,1
18336,6
68677,0
48415,1
57683,6
66855,5
71220,5
2029,1
6788,1
61595,5
54953,5
11201,5
74141,6
69432,6
32008,1
12831,1
50067,0
61948,1
31137,1
41097,1
45684,2
24048,0
98320,6
29216,5
96153,6
14944,5
31525,2
37107,1
10077,6
1871,6
94638,4
76686,6
12233,6
67724,1
17888,0
39076,6
79835,1
46343,5
74325,1
71423,1
54462,1
22749,0
915,0
9311,6
43457,1
25987,4
95481,6
90060,3
52928,1
95998,6
97435,1
67297,4
95768,4
93169,1
98543,1
29736,1
44942,1
36123,1
46917,1
25774,6
85146,5
64658,5
65412,2
66615,4
70199,4
16582,5
56623,6
5050,1
84419,6
88799,1
22755,0
95755,6
74053,4
32075,6
80357,6
24056,1
99762,1
53151,1
9121,6
94226,6
37046,6
40781,6
6869,6
11561,1
69483,0
55210,6
61236,1
4233,6
99232,1
33163,1
91493,5
60197,6
81990,4
99240,3
43329,1
90141,6
75458,3
32457,0
25723,1
955,6
37089,6
48457,6
13395,4
42969,6
72266,6
59707,1
25330,5
94099,6
6490,1
96819,6
46270,1
82889,5
31704,1
31124,6
54799,0
56708,1
92070,5
79699,6
60783,6
71622,4
69278,6
57471,6
84996,1
73371,4
12413,1
3254,4
82971,1
99630,0
15368,5
98609,6
41591,0
96210,3
70514,1
18410,6
31008,6
63792,0
56779,1
87220,1
59333,1
67736,1
40659,6
87399,6
63110,0
44580,6
23881,6
74641,1
14145,1
47261,6
8504,5
61869,3
23251,4
7799,1
3394,6
21393,5
56924,1
89037,5
61899,6
83495,4
74210,1
77520,1
58034,4
20434,1
95165,6
8972,2
92727,6
84218,1
95745,1
79578,6
23343,6
28409,2
89901,2
95699,1
49894,5
41969,1
29983,6
3913,4
13134,5
61400,1
6778,6
71440,0
16056,6
49175,6
59542,3
65145,1
89126,1
64314,3
41511,4
57261,1
5601,1
84282,0
67874,0
19618,6
41574,1
15928,6
73395,1
25752,4
70102,5
75402,0
47253,6
4243,6
37112,6
46994,1
40999,2
47312,1
74011,1
55166,5
20508,1
35778,1
1718,4
7851,5
2826,6
32452,6
94237,1
27839,6
6970,1
70873,5
63535,5
92448,3
45418,1
75279,6
3321,1
90368,5
50866,2
99982,4
4739,1
48902,1
20409,6
44079,1
28211,2
6561,5
41020,1
45385,4
28585,4
86225,6
5560,6
53405,5
15792,6
78818,5
54896,2
66961,1
88720,1
96689,6
70084,5
61837,5
53391,4
13371,6
7561,2
96140,6
13806,5
19637,1
60987,4
42615,6
5070,1
55840,1
65473,5
69385,1
72912,1
95025,6
60270,2
94789,5
87330,0
94586,1
65548,1
47439,6
40594,1
7495,6
8839,1
42079,3
95890,6
55943,2
18829,4
63833,1
66034,3
57381,2
68385,3
34685,1
86850,6
65609,2
65337,6
88791,6
18860,1
16517,1
60837,6
72939,1
35948,5
98859,6
394,6
49747,1
28786,1
46594,1
39060,6
97340,3
72035,2
35545,4
42936,5
87005,6
83622,1
42915,0
65790,4
92314,6
79744,5
85441,1
76723,3
62039,6
31432,5
98929,6
88958,1
3707,1
84964,5
33056,5
74153,4
56831,3
33534,1
72996,3
1532,6
11957,6
39827,3
28206,1
98635,3
73857,6
67657,3
80449,5
57247,2
60192,5
26273,1
24818,5
38025,6
90637,5
25653,1
54919,0
65923,6
19693,3
41134,6
82695,4
30058,1
7465,1
45449,5
31000,6
67628,2
30424,6
79127,5
3104,2
57062,0
93358,1
23264,2
32080,5
80758,1
2024,4
9272,6
64094,6
4468,6
59298,1
99289,1
41851,1
22283,5
87199,5
23876,5
46112,1
62794,2
4330,2
19796,4
43269,5
95690,5
22223,1
57953,1
17447,6
54758,1
55021,1
25072,6
94997,5
3108,6
16318,4
8631,1
19704,5
56274,6
97625,1
98894,1
38525,0
58453,6
25059,1
30661,0
2361,6
66927,4
82337,1
68352,5
12681,6
24719,3
76351,6
43252,1
37743,3
76550,6
11172,6
68424,4
56403,5
62363,5
93004,1
56519,2
59057,4
8747,1
97926,0
97721,6
94695,4
55597,1
97349,0
36154,1
22041,4
64492,5
81210,3
97947,0
30461,1
12528,1
88798,5
38240,5
90635,6
25702,3
95619,6
28842,1
86764,1
26654,5
28894,5
23891,6
22192,6
60399,4
6595,1
21462,1
60909,5
3899,5
18372,5
49523,5
69590,6
79600,6
88252,1
44353,3
62166,6
85792,1
92950,4
32618,1
49612,6
91882,5
94416,2
95993,6
90418,1
5963,6
94713,6
38680,0
80265,0
85347,1
84129,4
97907,0
95413,1
5324,5
29135,1
90618,6
75052,6
92690,6
62307,1
71719,1
23834,1
77465,6
17818,1
19524,4
75412,1
1998,1
3794,4
49251,4
24795,5
14969,1
34807,1
16791,6
37720,6
74552,1
40575,6
1814,5
11466,1
48866,1
82041,5
11338,4
9622,5
73246,1
62500,6
94370,4
79523,4
14958,2
52201,6
19709,4
50839,1
5645,1
22593,6
18100,6
84624,4
84758,1
57651,5
42946,6
9658,6
54497,1
95698,1
21383,6
12416,6
34822,6
39764,5
25427,1
57053,1
22598,4
91855,3
23014,5
4409,5
3840,6
87861,6
11296,1
39727,4
29290,6
99058,6
79618,1
84147,5
34267,6
48960,4
44390,1
20083,1
21930,4
92745,5
79720,6
73856,6
60041,6
1143,1
24139,5
77960,1
66335,4
65361,6
1065,4
63009,5
7987,2
59563,5
16653,0
52876,0
43525,1
52442,6
71553,0
393,5
66376,6
33044,1
61769,1
28011,6
49241,1
18774,1
74834,3
73672,4
29537,0
38657,1
48806,5
18293,1
54722,2
90115,5
5371,4
89206,1
51369,1
427,3
22713,3
36080,4
14683,0
46642,1
83669,5
98854,1
56492,3
98687,6
49030,2
22923,6
55676,6
29898,1
59597,5
62872,0
13686,6
70284,5
39693,4
55311,1
54320,2
21958,3
57212,6
99800,6
17849,4
53527,6
81715,6
50841,6
95787,3
89477,1
27203,1
72365,1
47217,6
7198,4
94608,0
67200,2
96508,1
1715,4
95770,1
5647,0
35624,1
58427,3
82861,1
17635,1
17066,0
93547,6
94948,3
87023,1
95339,1
17056,4
12797,4
33591,1
58189,6
49566,6
78950,4
28299,4
53695,5
22945,0
7641,1
45247,1
56970,5
89405,0
13738,4
79895,4
56882,4
29401,6
82891,4
25482,6
13770,6
46228,4
49223,6
31355,6
96171,4
27843,5
28989,0
43747,0
81405,6
67507,1
19623,0
20927,6
27891,0
1000,4
88023,4
7691,1
36459,1
28430,3
54084,6
29956,3
51146,6
77824,0
49840,6
6070,1
37039,1
47658,1
68872,4
75824,5
90713,5
68983,6
55447,5
14079,3
81264,1
43792,0
51821,5
14005,5
55671,3
96879,6
61793,1
68646,1
78015,1
59509,4
88113,1
32448,1
19548,6
10948,5
29883,1
74935,6
45357,1
10593,5
48843,5
39479,5
664,1
23525,4
31807,3
64855,1
45478,4
49952,6
17157,0
87616,4
76606,1
98028,6
31345,1
43338,4
65798,5
56616,1
74663,1
46201,5
21075,4
32204,6
96678,1
6214,5
27362,1
91650,6
76415,1
86296,0
7352,6
91144,0
54427,3
16411,5
78825,4
98247,6
9306,6
36193,6
5509,1
14330,4
21503,4
23443,2
30811,6
98195,5
87513,4
30086,1
77587,0
56367,5
13151,1
91234,1
69255,1
39086,3
63477,4
549,6
81726,3
59945,0
11344,6
19249,3
98580,4
23544,5
5344,3
42726,6
22069,6
77297,1
93764,5
6097,6
15733,6
22306,6
79077,6
17222,1
63912,6
31671,1
87600,4
55547,1
40483,4
84097,1
3468,6
81085,5
41717,1
11672,6
37224,4
23862,3
11916,6
63906,6
42638,0
56580,6
36099,3
66780,1
94417,6
18439,5
52015,6
76885,6
99068,5
65697,4
47964,4
35598,1
72927,6
24585,5
6588,5
42198,4
72253,1
48526,6
226,6
89753,4
40675,1
18276,0
29179,6
66714,1
9820,3
32158,5
94353,5
41136,6
56937,4
38591,4
76778,6
3692,6
16206,0
759,6
98315,3
32286,4
42853,4
75032,4
74801,0
54445,4
45840,6
18556,5
73884,2
62084,4
95773,4
94974,3
13016,3
30266,0
64352,6
92478,4
32541,5
93680,6
50552,5
8050,4
68713,3
75789,1
84008,1
59151,4
30521,1
76398,6
49768,5
28856,6
62448,5
59573,0
64154,2
83232,6
59405,2
27768,0
92846,5
88962,5
77614,1
47207,1
11797,4
25484,6
57609,6
93464,4
89572,6
59623,5
93241,1
18621,6
17539,1
10313,5
69226,6
15444,0
56112,1
43464,4
538,0
9960,5
41596,1
17639,1
33206,5
88089,0
30615,0
99055,1
62944,0
41552,3
8149,6
41787,6
43098,5
79910,1
22822,6
32486,4
52814,0
211,6
55896,6
51530,4
18518,5
5689,6
4088,6
29594,1
8414,2
75963,6
80215,6
11267,6
87101,3
31470,6
96681,1
67204,1
48525,4
14343,1
71948,4
87945,1
43763,1
68458,5
50032,6
14311,2
12472,0
56825,6
34554,2
52008,6
79144,6
66758,6
19643,4
52768,0
48208,3
30373,6
60649,2
4747,0
71685,1
82826,5
61878,6
19199,3
65571,1
35579,6
99370,6
2770,5
52200,5
82992,3
22547,4
70293,3
46241,5
13515,5
65549,4
95501,6
39112,5
26616,5
21224,5
45881,6
1603,5
99239,0
3094,5
11206,1
66840,0
31974,1
49417,5
2878,5
13538,1
22145,6
89755,4
9271,1
31271,6
44989,1
22198,6
82272,6
59523,1
24822,6
83515,1
23003,1
10509,1
1934,3
65291,4
24824,5
46832,1
293,6
5167,1
61563,4
24470,1
58883,0
65619,1
38374,0
94831,6
80150,4
29085,5
68944,1
47625,4
64778,1
17221,2
30016,5
39554,4
55696,6
73922,1
22119,1
33203,5
72810,4
43758,6
23015,0
20898,6
34195,5
31366,0
81560,4
47903,5
35854,0
91799,5
67720,4
19426,1
60654,6
162,6
73867,6
60189,4
89168,1
92871,6
33704,1
89027,1
83248,4
22726,0
48329,6
64959,4
46496,6
28878,4
89294,1
6558,6
12935,6
45113,1
77928,0
28835,1
37230,1
75972,0
32642,6
697,5
249,6
94485,6
95313,4
4093,4
13222,6
64078,6
60626,0
67548,1
91474,5
43506,1
14335,1
47985,4
12432,0
91014,0
8803,1
19092,1
86044,6
47119,3
50581,6
66847,6
5841,4
89992,1
45636,4
6263,1
23322,1
39341,1
60736,6
22953,4
46607,1
45756,4
24198,5
14386,2
80247,3
67600,1
3095,6
76816,4
86196,6
8393,3
95881,4
47441,2
98314,1
25374,6
53162,4
41736,2
78508,1
91076,1
63121,1
26208,5
40103,0
24283,2
40086,1
10088,2
42890,6
94094,5
62511,6
24247,6
9105,1
74505,4
71021,1
78570,1
44244,4
16464,4
80910,4
50127,6
95205,1
41671,5
54674,1
89240,6
52517,1
4061,3
84822,5
45980,0
18081,5
78708,3
56954,4
76279,5
71975,5
53791,1
659,4
94235,5
83070,3
69841,1
42924,1
46028,6
67089,3
45098,4
15423,4
5526,6
51673,0
97975,4
24793,1
44415,6
41801,5
34297,1
75704,1
18252,2
91207,5
55328,6
67114,1
80041,5
10063,6
17723,6
4818,5
98966,1
9870,4
61084,1
18213,6
790,4
83690,5
13897,4
13531,6
95094,5
85087,6
83792,6
10220,6
15737,6
59591,6
46745,0
19065,1
19417,6
82064,6
77024,6
46437,3
88800,6
17904,4
34340,6
95407,2
45396,4
24012,1
27309,6
94344,6
64383,1
5180,5
82284,4
18867,6
65989,1
29571,4
59903,5
87925,4
31605,1
88650,0
16055,6
76974,6
72123,1
67056,6
90506,1
32509,5
2493,6
21289,6
85548,1
66071,3
96931,1
22270,5
6055,1
33732,1
44608,1
51493,4
65802,5
66651,6
26650,6
30677,4
54491,3
90862,0
95970,3
25299,6
18196,1
65048,0
29671,1
19921,4
89376,4
21652,6
61040,4
25599,2
41386,6
89848,6
69375,5
46947,5
9158,2
34064,1
99863,0
98698,6
60300,0
29926,0
27,1
63052,6
50057,1
9059,0
97646,0
91350,1
76589,4
28034,6
26931,5
92277,1
55770,4
50427,1
63992,4
31621,5
35926,0
13069,1
2152,3
10554,4
3673,5
17358,4
20115,1
82726,6
44744,1
40543,1
16971,4
67037,6
65689,1
56712,6
23237,5
97635,6
80727,6
13974,1
64298,0
11925,5
42597,1
31656,1
91446,6
58508,4
17069,5
94274,6
58292,5
60756,1
95935,0
47546,6
85623,6
65988,5
47683,3
84787,6
27614,6
28496,5
39481,1
2904,6
7072,6
98725,0
93740,1
44357,6
56230,1
59525,4
17537,0
79793,3
61165,0
45743,5
82857,1
60082,1
72207,6
86625,4
68362,2
73839,0
49751,0
30054,1
68462,6
35420,1
70915,1
81060,3
75591,6
45540,1
9642,6
51259,1
25925,4
78052,1
36071,6
93,4
49990,1
38032,4
71612,2
61499,6
39746,4
79019,1
90088,5
41885,6
30666,6
66671,5
44843,6
40609,5
69508,0
76920,0
26663,1
72235,0
92641,1
21996,1
92860,3
39385,6
84301,1
33257,1
97417,1
80307,6
64409,5
81285,0
6866,6
91880,1
31672,0
63191,1
8695,6
36230,4
92009,1
67134,1
83737,0
54336,2
75635,1
15123,6
99306,0
2056,6
55378,1
49303,5
521,2
82578,0
46620,3
88221,2
88810,6
78826,1
42894,6
37698,1
22782,1
85949,5
11124,0
19001,6
36866,6
52512,1
25792,6
64335,5
20422,6
58663,4
85890,1
27164,6
47267,4
57644,5
12399,1
36776,1
14568,3
73972,0
42587,1
73970,1
32242,1
55861,3
57332,4
63736,1
45451,1
60475,6
57174,0
42686,1
25689,0
31530,5
27526,1
95122,6
74725,1
31508,5
58506,4
53257,1
17706,4
27849,4
49579,5
86633,3
33129,6
37345,6
93719,5
44733,4
37832,6
2093,1
75595,4
8441,3
63605,6
97416,5
57860,5
79085,1
6623,1
9684,2
43023,6
17708,1
7599,6
30411,6
90414,5
41358,6
16254,6
71167,6
27612,6
35252,1
5744,4
29220,5
92458,4
47098,6
8666,5
57351,1
76815,6
90751,1
89404,6
1538,6
32622,5
51225,1
30024,4
30812,1
89528,6
72498,6
81387,3
42484,0
3271,5
4367,6
5401,5
37643,6
64958,1
89977,3
43840,4
13760,2
46716,1
76507,1
62227,1
72976,3
12897,1
78812,2
74783,6
12256,4
79986,4
70548,1
11700,4
44099,6
542,0
10523,6
7659,0
82621,0
3708,6
82957,4
91907,0
11423,5
21450,6
69947,1
49562,4
84439,0
17373,3
50206,5
66148,6
15246,6
65745,6
81460,1
8823,0
69622,3
71421,5
39941,5
19492,0
91649,1
56405,3
52897,2
81503,1
62485,4
12685,2
73130,1
94131,1
3070,4
16873,6
16214,6
92334,0
12741,1
28441,6
21487,1
64107,4
51962,3
12382,5
57639,0
11951,1
94323,1
84122,5
66269,1
2532,3
11901,5
2918,4
8633,1
86596,1
68166,3
92791,1
25169,4
43968,1
23975,4
85320,1
19019,0
27006,0
30645,1
12363,1
55283,0
41123,6
1058,6
36466,1
7764,6
38691,6
5801,5
648,4
90516,0
57122,5
27885,1
91393,6
78134,1
28209,1
13651,2
18933,6
33706,1
22213,6
97756,5
21404,1
18838,4
99410,5
70262,4
5564,4
46074,0
59084,6
37885,6
97320,0
95813,5
415,0
14797,3
68146,4
68189,6
77846,1
72280,0
68179,6
64238,2
3770,6
11396,6
26618,1
85255,4
26714,5
90470,3
96284,6
27940,4
19083,2
45475,0
79350,1
70783,1
22571,6
189,5
42786,1
24895,5
83823,4
47032,1
52556,6
84764,6
19549,1
5308,5
60336,0
50601,0
22711,0
56432,6
85436,6
59256,3
88982,0
8770,1
83283,5
17484,1
34919,2
9415,6
97427,4
84326,1
87860,1
19017,1
52205,6
51770,1
27223,1
28477,1
95195,5
61401,5
34026,3
99511,4
69717,0
68015,1
67366,3
12784,6
66743,6
37381,0
99251,5
6961,6
76871,6
58343,4
78902,6
20086,1
26161,6
31129,1
42633,1
53369,6
7177,6
64367,1
42829,5
65544,1
38470,0
25841,5
13701,4
63701,2
70117,0
52301,4
28300,1
99436,4
8514,6
21781,0
78803,1
16982,6
23288,6
79898,5
12607,6
369,0
31618,0
20062,1
30063,6
79721,6
55549,4
29314,4
40865,1
58505,4
75762,4
46721,4
50783,6
2509,6
12641,5
93997,4
10539,1
72423,5
52749,0
26410,1
33904,5
40615,1
82389,6
97151,6
65776,3
18060,6
10845,4
58306,6
76125,5
23112,6
24825,6
78749,5
35741,5
53083,1
26549,1
76482,5
95303,6
37249,3
32116,6
75287,1
89639,6
49209,3
38247,5
54791,5
34181,6
35739,4
93335,5
45994,1
57333,6
86870,1
32231,6
29273,5
43171,1
56063,4
97791,1
66875,1
11867,5
92946,1
51974,6
3996,6
70315,5
76573,1
43151,3
44376,0
96926,6
62252,1
60397,3
63268,0
21023,1
40079,1
88665,6
61254,6
62510,6
57429,0
36597,4
33067,1
3025,6
46396,4
36176,6
6477,6
14304,0
65993,4
94889,1
87867,4
87259,5
85542,4
88481,3
14246,1
47012,3
8459,1
84907,6
35183,0
54386,4
31772,5
38012,0
22624,5
74954,4
66130,2
64846,4
8426,5
24860,0
9895,1
44662,4
61853,6
48927,1
66410,5
96442,1
90188,0
18695,1
12645,1
85758,3
66336,1
77553,5
45523,0
57275,5
88022,1
86907,6
81936,4
9653,6
60035,5
38021,1
43677,6
69216,1
28257,5
74823,4
12038,6
44013,6
44537,0
31531,4
57638,1
24855,4
35240,4
57796,0
25029,1
18055,1
94616,0
64809,6
3487,1
99312,6
40354,1
44180,2
5158,5
90767,5
51095,6
11294,6
16270,1
59359,4
33061,6
44779,6
56975,2
6688,4
27214,1
41753,6
68398,4
88680,6
67968,4
31942,5
27061,1
92914,4
24525,1
82961,1
56999,1
95495,1
59279,4
65793,6
75712,1
4043,1
32565,3
60407,3
49433,5
2345,6
23144,6
4377,1
6068,5
64244,0
5930,2
27852,5
33882,1
35152,6
74253,4
71069,3
82053,5
63753,6
30369,4
59643,6
73021,1
5991,6
46649,4
34607,4
41346,5
79048,0
81784,6
43350,1
25448,5
77716,2
10045,4
45667,6
29177,4
27182,1
32063,1
30529,4
63541,1
97475,1
48238,6
1680,0
79054,3
53358,4
87268,5
55586,6
1041,6
98208,6
52121,6
80230,4
4089,1
40852,5
46440,0
77857,1
91834,1
39873,3
96780,1
71679,1
19458,0
70239,6
89948,0
14734,6
82884,4
87104,1
94767,1
81314,6
65732,3
1902,6
66548,2
91075,5
15159,0
54453,1
20041,3
47492,6
49492,1
6413,6
30899,5
13302,4
40870,6
88436,6
5821,6
48732,5
19750,6
43146,6
29021,5
82070,0
61576,6
44556,5
26019,6
69569,3
64980,5
51400,6
56778,6
21196,4
92140,1
23753,5
30868,1
9758,1
56940,4
26163,4
77436,1
83012,1
67125,4
34994,4
83816,4
88754,1
1673,0
38979,0
94837,0
3045,1
83620,0
27909,1
71645,1
31913,0
30652,6
62464,1
19202,4
12379,1
33110,6
477,5
34768,1
93822,1
94933,6
29853,0
2806,4
13577,0
35412,3
52740,1
13703,6
25665,0
81836,1
70731,5
12745,3
45885,0
41322,1
28115,1
29359,1
30707,3
64664,4
13646,1
74521,0
25840,0
51304,2
97898,5
26456,4
90723,1
81837,5
65967,5
11947,4
58147,5
18393,0
68547,4
96226,5
64874,4
99750,3
31868,5
21977,1
40670,5
10476,3
16398,1
40175,3
97166,5
31285,6
85262,4
93367,1
31473,4
36922,1
96815,6
66229,1
76418,4
11435,6
17491,1
18466,3
32254,1
50537,1
70944,4
21554,6
33023,1
85625,0
90093,4
62387,1
68217,4
57699,1
12143,0
444,0
39113,4
92541,5
28467,6
83094,6
66925,1
52060,4
78470,5
54157,1
29829,4
62376,6
83628,0
90684,5
17912,2
27783,3
85427,4
60585,3
45244,1
39023,1
82249,3
74650,0
3080,5
9958,1
38720,4
24748,1
98010,0
3751,6
24517,1
33131,3
91125,4
52082,6
16542,1
64861,5
62735,2
68064,6
55498,4
39457,4
3143,0
54914,0
34617,2
1746,4
5309,0
26296,1
43846,1
24366,1
54237,4
68395,0
28238,5
97730,1
17236,5
58291,1
78621,6
63957,3
85621,6
4916,6
62792,6
70338,4
55892,1
74931,1
80065,4
16471,2
46475,3
8937,4
49249,6
64456,4
37610,3
6238,4
25969,6
3365,2
1185,3
21866,1
10204,6
98330,3
21139,6
57075,0
